,accuracy,loss,val_acc
0,0.501838207244873,0.9616217017173767,0.484
1,0.5043658018112183,0.9364526271820068,0.494
2,0.5067402124404907,0.9223746657371521,0.495
3,0.5134420990943909,0.9040615558624268,0.483
4,0.5170036554336548,0.8940119743347168,0.486
5,0.518918514251709,0.8890146017074585,0.473
6,0.5176602005958557,0.883873701095581,0.479
7,0.5216566920280457,0.875106930732727,0.468
