,accuracy,loss,val_acc
0,0.5045955777168274,0.858121395111084,0.5
1,0.5048253536224365,0.8608607649803162,0.5
2,0.5050551295280457,0.852624773979187,0.5
3,0.501953125,0.8514422178268433,0.5
4,0.4998161792755127,0.8455193042755127,0.5
5,0.49892768263816833,0.8423895239830017,0.5
