,accuracy,loss,val_acc
0,0.5036764740943909,0.8986977934837341,0.5
1,0.5071231722831726,0.8880752325057983,0.5
2,0.5094975233078003,0.8801420331001282,0.5
3,0.5093060731887817,0.878268837928772,0.5
4,0.5089154243469238,0.8732409477233887,0.5
5,0.508425235748291,0.8642967939376831,0.5
